match_type,match_value,canonical_exchange,suffixes,priority,is_active,note
exact,ABU DHABI SECURITIES EXCHANGE,ABU_DHABI_SECURITIES_EXCHANGE,AD,10,1,UAE ADX
exact,DUBAI FINANCIAL MARKET,DUBAI_FINANCIAL_MARKET,DU,10,1,UAE DFM
exact,PHILIPPINE STOCK EXCHANGE INC.,PHILIPPINE_STOCK_EXCHANGE,PS,10,1,Philippines
exact,BOLSA MEXICANA DE VALORES,BOLSA_MEXICANA_DE_VALORES,MX,10,1,Mexico
exact,BUDAPEST STOCK EXCHANGE,BUDAPEST_STOCK_EXCHANGE,BD,10,1,Hungary
exact,ATHENS EXCHANGE S.A. CASH MARKET,ATHENS_EXCHANGE,AT,10,1,Greece
exact,HONG KONG EXCHANGES AND CLEARING LTD,HONG_KONG_EXCHANGE,HK,10,1,HKEX
exact,INDONESIA STOCK EXCHANGE,INDONESIA_STOCK_EXCHANGE,JK,10,1,Indonesia
exact,ISTANBUL STOCK EXCHANGE,ISTANBUL_STOCK_EXCHANGE,IS,10,1,Turkey
exact,JOHANNESBURG STOCK EXCHANGE,JOHANNESBURG_STOCK_EXCHANGE,JO,10,1,South Africa
exact,KOREA EXCHANGE (STOCK MARKET),KOREA_STOCK_EXCHANGE,KS,10,1,KOSPI
exact,KOREA EXCHANGE (KOSDAQ),KOREA_KOSDAQ,KQ,10,1,KOSDAQ
exact,KUWAIT STOCK EXCHANGE,KUWAIT_STOCK_EXCHANGE,KW,10,1,Kuwait
exact,NATIONAL STOCK EXCHANGE OF INDIA,NSE_INDIA,NS,10,1,India NSE
exact,BSE LTD,BSE_INDIA,BO,10,1,India BSE
exact,PRAGUE STOCK EXCHANGE,PRAGUE_STOCK_EXCHANGE,PR,10,1,Czech Republic
exact,QATAR EXCHANGE,QATAR_EXCHANGE,QA,10,1,Qatar
exact,SANTIAGO STOCK EXCHANGE,SANTIAGO_STOCK_EXCHANGE,SN,10,1,Chile
exact,SAUDI STOCK EXCHANGE,SAUDI_STOCK_EXCHANGE,SR,10,1,Saudi Arabia
exact,SHANGHAI STOCK EXCHANGE,SHANGHAI_STOCK_EXCHANGE,SS,10,1,China Shanghai
exact,SHENZHEN STOCK EXCHANGE,SHENZHEN_STOCK_EXCHANGE,SZ,10,1,China Shenzhen
exact,STOCK EXCHANGE OF THAILAND,THAILAND_STOCK_EXCHANGE,BK,10,1,Thailand
exact,TAIWAN STOCK EXCHANGE,TAIWAN_STOCK_EXCHANGE,TW,10,1,Taiwan TWSE
exact,GRETAI SECURITIES MARKET,TAIWAN_OTC,TWO,10,1,Taiwan OTC
exact,WARSAW STOCK EXCHANGE/EQUITIES/MAIN MARKET,WARSAW_STOCK_EXCHANGE,WA,10,1,Poland
exact,BURSA MALAYSIA,BURSA_MALAYSIA,KL,10,1,Malaysia
exact,XBSP,BRAZIL_B3,SA,10,1,Brazil B3
exact,ASX - ALL MARKETS,AUSTRALIAN_SECURITIES_EXCHANGE,AX,10,1,Australia
exact,BOLSA DE MADRID,BOLSA_DE_MADRID,MC,10,1,Spain
exact,BORSA ITALIANA,BORSA_ITALIANA,MI,10,1,Italy
exact,EURONEXT AMSTERDAM,EURONEXT_AMSTERDAM,AS,10,1,Netherlands
exact,IRISH STOCK EXCHANGE - ALL MARKET,IRISH_STOCK_EXCHANGE,IR,10,1,Ireland
exact,LONDON STOCK EXCHANGE,LONDON_STOCK_EXCHANGE,L,10,1,UK
exact,NASDAQ OMX HELSINKI LTD.,NASDAQ_HELSINKI,HE,10,1,Finland
exact,NASDAQ OMX NORDIC,NASDAQ_NORDIC,ST,10,1,Sweden default
exact,NEW ZEALAND EXCHANGE LTD,NEW_ZEALAND_EXCHANGE,NZ,10,1,New Zealand
exact,NYSE EURONEXT - EURONEXT BRUSSELS,EURONEXT_BRUSSELS,BR,10,1,Belgium
exact,NYSE EURONEXT - EURONEXT LISBON,EURONEXT_LISBON,LS,10,1,Portugal
exact,NYSE EURONEXT - EURONEXT PARIS,EURONEXT_PARIS,PA,10,1,France
exact,OMX NORDIC EXCHANGE COPENHAGEN A/S,OMX_COPENHAGEN,CO,10,1,Denmark
exact,OSLO BORS ASA,OSLO_BORS,OL,10,1,Norway
exact,SIX SWISS EXCHANGE,SIX_SWISS_EXCHANGE,SW,10,1,Switzerland
exact,SINGAPORE EXCHANGE,SINGAPORE_EXCHANGE,SI,10,1,Singapore
exact,TEL AVIV STOCK EXCHANGE,TEL_AVIV_STOCK_EXCHANGE,TA,10,1,Israel
exact,TOKYO STOCK EXCHANGE,TOKYO_STOCK_EXCHANGE,T,10,1,Japan
exact,WIENER BOERSE AG,WIENER_BOERSE,VI,10,1,Austria
exact,XETRA,XETRA,DE,10,1,Germany
exact,NASDAQ,US_NASDAQ,,10,1,US no suffix
exact,NYSE,US_NYSE,,10,1,US no suffix
contains,EURONEXT PARIS,EURONEXT_PARIS,PA,50,1,Fuzzy fallback
contains,EURONEXT BRUSSELS,EURONEXT_BRUSSELS,BR,50,1,Fuzzy fallback
contains,EURONEXT LISBON,EURONEXT_LISBON,LS,50,1,Fuzzy fallback
contains,EURONEXT AMSTERDAM,EURONEXT_AMSTERDAM,AS,50,1,Fuzzy fallback
contains,HONG KONG,HONG_KONG_EXCHANGE,HK,50,1,Fuzzy fallback
contains,PHILIPPINE STOCK EXCHANGE,PHILIPPINE_STOCK_EXCHANGE,PS,50,1,Fuzzy fallback
contains,BUDAPEST,BUDAPEST_STOCK_EXCHANGE,BD,50,1,Fuzzy fallback
contains,ABU DHABI,ABU_DHABI_SECURITIES_EXCHANGE,AD,50,1,Fuzzy fallback
contains,DUBAI FINANCIAL MARKET,DUBAI_FINANCIAL_MARKET,DU,50,1,Fuzzy fallback
contains,BORSA ITALIANA,BORSA_ITALIANA,MI,50,1,Fuzzy fallback
contains,TOKYO STOCK EXCHANGE,TOKYO_STOCK_EXCHANGE,T,50,1,Fuzzy fallback
contains,LONDON STOCK EXCHANGE,LONDON_STOCK_EXCHANGE,L,50,1,Fuzzy fallback
contains,SINGAPORE EXCHANGE,SINGAPORE_EXCHANGE,SI,50,1,Fuzzy fallback
contains,XETRA,XETRA,DE,50,1,Fuzzy fallback